{"train_loss": 1890.5413335581295, "_timestamp": 1702325887.421785, "val_loss": 1850.4333599384015, "train_auc": 0.6445548698749152, "val_auc": 0.6484840260513053, "_runtime": 892.0467460155487, "_step": 1}