{"train_loss": 1813.6414524766265, "_timestamp": 1702391434.9471664, "val_loss": 1796.5351257324219, "train_auc": 0.6852920676869992, "val_auc": 0.6825785493890844, "_runtime": 66439.57212734222, "_step": 149, "_wandb": {"runtime": 66439}}