{"train_loss": 3177.0401247258774, "_timestamp": 1702626760.7372713, "val_loss": 3349.6182861328125, "train_auc": 0.7591353645082454, "val_auc": 0.712302567177932, "_runtime": 53601.25221538544, "_step": 249, "_wandb": {"runtime": 53600}}