{"loss": 277.1891174316406, "_timestamp": 1696432895.9023025, "auc": 0.7003125468883767, "_runtime": 71007.26364946365, "_step": 7}