{"train_loss": 1706.8483214772075, "_timestamp": 1702846059.3131762, "val_loss": 1695.4050428602432, "train_auc": 0.7307989722017799, "val_auc": 0.7201001808737075, "_runtime": 9135.274087190628, "_step": 44, "_wandb": {"runtime": 9374}}