{"train_loss": 1700.3820951278894, "_timestamp": 1701976239.8915756, "val_loss": 1722.663622223929, "train_auc": 0.7412626343849557, "val_auc": 0.7329896669900022, "_runtime": 98115.91270661354, "_step": 69}