{"train_loss": 1683.1668513885916, "_timestamp": 1702060809.7924635, "val_loss": 1715.7143760423983, "train_auc": 0.7481222617218376, "val_auc": 0.7357906867298147, "_runtime": 182685.8135945797, "_step": 130}