{"train_loss": 3512.2297696806695, "_timestamp": 1697324798.7885036, "val_loss": 3532.576714409722, "auc": 0.7133291944368622, "f1": 0.4769461506388116, "recall": 0.37855512857241647, "precision": 0.6444451918872557, "_runtime": 36976.88380455971, "_step": 49, "_wandb": {"runtime": 36975}}