{"train_loss": 1238.3576665684798, "_timestamp": 1702367904.9933174, "val_loss": 1205.7561932732078, "train_auc": 0.8583040076622213, "val_auc": 0.8460327949273214, "_runtime": 28195.13507127762, "_step": 149, "_wandb": {"runtime": 28194}}