{"train_loss": 1060.4706994576516, "_timestamp": 1702224711.55275, "val_loss": 1077.8680348714192, "train_auc": 0.8115957737869314, "val_auc": 0.8045594587973717, "_runtime": 81142.98489403725, "_step": 149, "_wandb": {"runtime": 81142}}