{"train_loss": 843.1464513605291, "_timestamp": 1702202638.4279363, "val_loss": 828.2669400471012, "train_auc": 0.7034772667229034, "val_auc": 0.7014673762118524, "_runtime": 59149.781487226486, "_step": 149, "_wandb": {"runtime": 59149}}