{"train_loss": 637.4634017944336, "_timestamp": 1701127372.0294101, "val_loss": 3155.779667200667, "train_auc": 0.93778273346889, "val_auc": 0.6018672255252597, "_runtime": 17756.92219209671, "_step": 199, "_wandb": {"runtime": 17755}}