{"train_loss": 1249.0975799560547, "_timestamp": 1701109713.0676274, "val_loss": 2049.23410891415, "train_auc": 0.7668095415032424, "val_auc": 0.6054186591679994, "_runtime": 97.96040940284729, "_step": 0}