{"train_loss": 1679.5329631840418, "_timestamp": 1702845983.587114, "val_loss": 1684.4416684751156, "train_auc": 0.7436535246169307, "val_auc": 0.7259228251055545, "_runtime": 11202.274386167526, "_step": 53}