{"train_loss": 149.36632113025695, "_timestamp": 1699669929.517834, "train_auc": 0.7157192345776833, "val_loss": 152.65837633789346, "val_auc": 0.6994677872148058, "_runtime": 288230.4428269863, "_step": 299, "_wandb": {"runtime": 288229}}