{"train_loss": 149.43225419132864, "_timestamp": 1699646938.6915119, "train_auc": 0.7153289550618503, "val_loss": 152.63019699680157, "val_auc": 0.6997142381865414, "_runtime": 265239.6165049076, "_step": 276}