{"train_loss": 142.33960275712178, "_timestamp": 1702939068.3553522, "val_loss": 144.62004791525908, "train_auc": 0.7452542615243853, "val_auc": 0.7353629414790425, "_runtime": 20589.65098810196, "_step": 20}