{"train_loss": 1636.84712549497, "_timestamp": 1702940157.961637, "val_loss": 1686.8035669219628, "train_auc": 0.7658843604346155, "val_auc": 0.7472796428121828, "_runtime": 83475.76823496819, "_step": 93, "_wandb": {"runtime": 83999}}