{"train_loss": 565.2282791137695, "_timestamp": 1700960224.6522505, "val_loss": 3266.8854157522824, "train_auc": 0.9460009453944966, "val_auc": 0.596827181750739, "_runtime": 26323.314869642258, "_step": 299, "_wandb": {"runtime": 26322}}