{"train_loss": 921.360643695152, "_timestamp": 1700865128.2517476, "val_loss": 958.4076688959358, "train_auc": 0.9364122910967487, "val_auc": 0.9309997021949489, "_runtime": 192056.29431271553, "_step": 237}