{"train_loss": 1757.797094057684, "_timestamp": 1700673879.1632624, "val_loss": 1652.9940048389221, "train_auc": 0.8056272482161354, "val_auc": 0.8045668529531593, "_runtime": 807.2058274745941, "_step": 0}