{"train_loss": 1954.6311060170658, "_timestamp": 1702325768.7902856, "val_loss": 1900.5925959660456, "train_auc": 0.6094658298519864, "val_auc": 0.6127891099714896, "_runtime": 462.9945185184479, "_step": 0}