{"train_loss": 1900.3173155237416, "_timestamp": 1702393935.482715, "val_loss": 1877.1395672137921, "train_auc": 0.6268869961165441, "val_auc": 0.6280536510437204, "_runtime": 68629.68694782257, "_step": 149, "_wandb": {"runtime": 68629}}