{"train_loss": 5920.792479271982, "_timestamp": 1704633163.2776186, "val_loss": 6096.78736328125, "train_auc": 0.7681105127963318, "val_auc": 0.7475768701418, "_runtime": 415275.28234767914, "_step": 237}