{"train_loss": 6132.524978936887, "_timestamp": 1704228717.0044987, "val_loss": 6168.67548828125, "train_auc": 0.7442579588231343, "val_auc": 0.7385097317574196, "_runtime": 10829.009227752686, "_step": 7}