{"train_loss": 1631.2353431631666, "_timestamp": 1702546760.6896734, "val_loss": 1715.663653338397, "train_auc": 0.7637521547798768, "val_auc": 0.7148880132606907, "_runtime": 51490.844460487366, "_step": 249, "_wandb": {"runtime": 51490}}