{"train_loss": 1619.772614612318, "_timestamp": 1701108184.5197496, "val_loss": 1699.5361794461026, "train_auc": 0.7725074100126708, "val_auc": 0.7426276341964207, "_runtime": 241179.06325864792, "_step": 259}