{"loss": 261.4549865722656, "auc": 0.7035029750280916, "epoch": 11, "f1": 0.46435781953719524, "recall": 0.37140220747418107, "precision": 0.6193773674242424, "_timestamp": 1696360854.6905432, "_runtime": 1804.3866312503815, "_step": 11}