{"train_loss": 811.6285521073775, "_timestamp": 1701693224.78381, "val_loss": 804.9369597086093, "train_auc": 0.7362224665423862, "val_auc": 0.7270401354592798, "_runtime": 58613.81876993179, "_step": 149, "_wandb": {"runtime": 58613}}