{"train_loss": 1616.0714974181292, "_timestamp": 1701793744.6168222, "val_loss": 1721.27279834533, "train_auc": 0.7746238219868402, "val_auc": 0.7344917192635997, "_runtime": 250852.1074912548, "_step": 199, "_wandb": {"runtime": 250851}}