{"_wandb": {"runtime": 1455}, "train_loss": 1773.9310496709118, "_timestamp": 1701342021.0546436, "val_loss": 1758.3180301966293, "train_auc": 0.7186996854769891, "val_auc": 0.7157171200393748, "_runtime": 1221.8394875526428, "_step": 0}