{"train_loss": 7968.274036225818, "_timestamp": 1699647256.948776, "train_auc": 0.7025840063226927, "val_loss": 7833.058244977678, "val_auc": 0.6983300786417934, "_runtime": 9393.2900121212, "_step": 10}