{"train_loss": 7604.8002203078495, "_timestamp": 1699821507.286031, "train_auc": 0.7392181501217363, "val_loss": 7721.703404017857, "val_auc": 0.7112756145367903, "_runtime": 183643.62726712227, "_step": 217}