{"train_loss": 7559.414575485956, "_timestamp": 1699890424.0640252, "train_auc": 0.744010668512399, "val_loss": 7739.142624627976, "val_auc": 0.7098011277924303, "_runtime": 252560.40526127815, "_step": 299, "_wandb": {"runtime": 252559}}