{"train_loss": 1705.1474326773866, "_timestamp": 1702274836.4896839, "val_loss": 1723.5884227966994, "train_auc": 0.7349366984155742, "val_auc": 0.7290092387368929, "_runtime": 131595.98530983925, "_step": 149, "_wandb": {"runtime": 131595}}