{"train_loss": 979.6477661132812, "_timestamp": 1702090532.4548314, "val_loss": 3009.1310336744014, "train_auc": 0.879789120515277, "val_auc": 0.5733370030509903, "_runtime": 25861.54547739029, "_step": 99, "_wandb": {"runtime": 25861}}