{"train_loss": 1714.644532922196, "_timestamp": 1701374618.7041247, "val_loss": 1729.1715087890625, "train_auc": 0.7313759072927088, "val_auc": 0.727016090043255, "_runtime": 31649.401186704636, "_step": 26}