{"train_loss": 1306.6032955169678, "_timestamp": 1702326201.9941854, "val_loss": 1326.7822970920138, "train_auc": 0.7869949386018374, "val_auc": 0.7845843465865088, "_runtime": 1030.0055165290833, "_step": 3}