{"train_loss": 2222.980003422142, "_timestamp": 1698088167.7245748, "val_loss": 2250.341748046875, "auc": 0.7814544901055467, "f1": 0.9070697476376857, "recall": 0.9743862192230017, "precision": 0.8484534692777138, "_runtime": 83814.87962579727, "_step": 49, "_wandb": {"runtime": 83814}}