{"train_loss": 1180.8696179042047, "_timestamp": 1702323848.8892403, "val_loss": 1150.8820454915365, "train_auc": 0.7722495126588222, "val_auc": 0.7693636191208753, "_runtime": 545.3559691905975, "_step": 0}