{"train_loss": 1900.4661630098938, "_timestamp": 1701698551.4144776, "val_loss": 1877.374941781851, "train_auc": 0.6267756801088757, "val_auc": 0.6278524920493486, "_runtime": 67482.65495657921, "_step": 149, "_wandb": {"runtime": 67482}}