{"train_loss": 5713.816730574065, "_timestamp": 1704608495.3475332, "val_loss": 6184.47125, "train_auc": 0.7904954726987955, "val_auc": 0.7395020928067774, "_runtime": 390935.08498215675, "_step": 249, "_wandb": {"runtime": 390934}}