{"train_loss": 6139.458144244026, "_timestamp": 1704228938.2977574, "val_loss": 6179.2112890625, "train_auc": 0.7456979548253998, "val_auc": 0.738931869120553, "_runtime": 11378.035206317902, "_step": 6}