{"train_loss": 35.82641770782003, "_timestamp": 1703506672.9293318, "val_loss": 36.62626252868282, "train_auc": 0.7402939870792634, "val_auc": 0.7271003219669525, "_runtime": 143508.85399580002, "_step": 120, "_wandb": {"runtime": 143870}}