{"train_loss": 3153.063766760575, "_timestamp": 1703505911.735852, "val_loss": 3222.3341168342754, "train_auc": 0.7706071623387175, "val_auc": 0.7484300132887952, "_runtime": 142600.1055419445, "_step": 158}