{"train_loss": 37.010175822775956, "_timestamp": 1703432835.852129, "val_loss": 37.525283787619365, "train_auc": 0.7268489592102564, "val_auc": 0.7127184856409085, "_runtime": 69441.52985095978, "_step": 249, "_wandb": {"runtime": 69441}}