{"train_loss": 139.1086002283915, "_timestamp": 1703855063.9300795, "val_loss": 145.59871319171995, "train_auc": 0.760491470758682, "val_auc": 0.7316177952882821, "_runtime": 242625.51244354248, "_step": 249, "_wandb": {"runtime": 242625}}