{"train_loss": 5756.063743591309, "_timestamp": 1703677178.7372725, "val_loss": 5738.267730712891, "train_auc": 0.74970694341647, "val_auc": 0.7308140305113464, "_runtime": 64393.58317542076, "_step": 249, "_wandb": {"runtime": 64393}}