{"train_loss": 147.98036158211687, "_timestamp": 1703552903.6503272, "val_loss": 149.24696823907277, "train_auc": 0.7241359624159072, "val_auc": 0.7145246000146936, "_runtime": 28971.358968257904, "_step": 125, "_wandb": {"runtime": 29130}}