{"train_loss": 1204.9983352661134, "_timestamp": 1701511424.5838246, "val_loss": 1247.2935214572483, "train_auc": 0.8018018784765538, "val_auc": 0.7985251818060015, "_runtime": 52238.88299655914, "_step": 199, "_wandb": {"runtime": 52238}}