{"train_loss": 1663.815957098138, "_timestamp": 1702846241.5867465, "val_loss": 1689.9697361635358, "train_auc": 0.7563111456788615, "val_auc": 0.745937063620326, "_runtime": 11559.447177410126, "_step": 12, "_wandb": {"runtime": 11609}}