{"train_loss": 1205.685710144043, "_timestamp": 1702364904.8624377, "val_loss": 1247.790736219618, "train_auc": 0.8015583243627253, "val_auc": 0.7984182870052333, "_runtime": 38009.33344078064, "_step": 149, "_wandb": {"runtime": 38008}}