{"train_loss": 1720.1143185676785, "_timestamp": 1702547025.3773453, "val_loss": 1703.8584979021991, "train_auc": 0.7236244281578245, "val_auc": 0.7154142747438448, "_runtime": 51692.50076127052, "_step": 249, "_wandb": {"runtime": 51691}}