{"train_loss": 228.28311157226562, "_timestamp": 1700691367.0379405, "val_loss": 2661.1477783203127, "train_auc": 0.9793343606478125, "val_auc": 0.6132965694564869, "_runtime": 16555.456461429596, "_step": 299, "_wandb": {"runtime": 16554}}