{"train_loss": 1642.3406234950235, "_timestamp": 1701639241.0822253, "val_loss": 1709.1697764878863, "train_auc": 0.7644423820197632, "val_auc": 0.7381037217947862, "_runtime": 262245.18302440643, "_step": 199, "_wandb": {"runtime": 262244}}