{"train_loss": 5962.752210430071, "_timestamp": 1703951291.710661, "val_loss": 6065.36931640625, "train_auc": 0.7639768785216551, "val_auc": 0.7508216704627303, "_runtime": 67699.51167798042, "_step": 54}