{"train_loss": 5857.316730574065, "_timestamp": 1704189185.721739, "val_loss": 6084.91060546875, "train_auc": 0.7748915174936175, "val_auc": 0.7491815017776267, "_runtime": 305593.5227560997, "_step": 249, "_wandb": {"runtime": 305592}}