{"train_loss": 311.6425782973183, "_timestamp": 1699300629.2504897, "train_auc": 0.767802703254112, "val_auc": 0.6797190282430084, "train_f1": 0.5554278253670032, "train_recall": 0.466290257471375, "train_precision": 0.6866995539352517, "val_loss": 358.63734862435496, "val_f1": 0.47552456499488227, "val_recall": 0.39977842076391057, "val_precision": 0.5866837145427855, "_runtime": 162067.4578347206, "_step": 190}