{"train_loss": 312.34803225723516, "_timestamp": 1699292145.472592, "train_auc": 0.7664874318633853, "val_auc": 0.6808617027092061, "train_f1": 0.5509740816270953, "train_recall": 0.4597298301613908, "train_precision": 0.6874060631255796, "val_loss": 357.90653322144965, "val_f1": 0.47353047148445543, "val_recall": 0.3958201120803709, "val_precision": 0.5892082299255464, "_runtime": 153583.67993712425, "_step": 180}