{"train_loss": 1770.9500483264662, "_timestamp": 1701630818.8832343, "val_loss": 1779.2436564584796, "train_auc": 0.7071113337688727, "val_auc": 0.7042709871135915, "_runtime": 2821.3717913627625, "_step": 1, "_wandb": {"runtime": 4045}}