{"train_loss": 38.13281518432035, "_timestamp": 1700136749.7769456, "val_loss": 38.522368243300434, "train_auc": 0.69852890871896, "val_auc": 0.6928340254857526, "_runtime": 323572.53943252563, "_step": 299, "_wandb": {"runtime": 323572}}