{"train_loss": 38.15165637494433, "_timestamp": 1700071526.8884401, "val_loss": 38.524910998188304, "train_auc": 0.6981007555620271, "val_auc": 0.6927519179558181, "_runtime": 258349.6509270668, "_step": 238}