{"train_loss": 38.686037911164775, "_timestamp": 1699820626.6968007, "val_loss": 38.90176912018693, "train_auc": 0.6864650408850932, "val_auc": 0.6840788127870555, "_runtime": 7449.459287643433, "_step": 6}