{"train_loss": 1712.519728234696, "_timestamp": 1701375529.5795264, "val_loss": 1727.6602234572506, "train_auc": 0.7321318599938025, "val_auc": 0.7275623727512566, "_runtime": 32948.30440950394, "_step": 36}