{"train_loss": 3210.660648814419, "_timestamp": 1703424977.4524195, "val_loss": 3268.544363839286, "train_auc": 0.7506305479770083, "val_auc": 0.7293374210884153, "_runtime": 61449.550077438354, "_step": 249, "_wandb": {"runtime": 61449}}