{"train_loss": 1553.4740205817266, "_timestamp": 1701317914.1015177, "val_loss": 1798.1633865921585, "train_auc": 0.7935495522436011, "val_auc": 0.6954272525075519, "_runtime": 43074.58028173447, "_step": 199, "_wandb": {"runtime": 43073}}