{"train_loss": 1180.7787614905317, "_timestamp": 1702425022.613807, "val_loss": 1215.094586540671, "train_auc": 0.8758607198029962, "val_auc": 0.843333045870107, "_runtime": 29091.075408935547, "_step": 149, "_wandb": {"runtime": 29090}}