{"train_loss": 1357.3837169702501, "_timestamp": 1702403109.5212111, "val_loss": 1302.1632708381203, "train_auc": 0.8217276177369077, "val_auc": 0.8143192955777946, "_runtime": 7177.982813119888, "_step": 36}