{"train_loss": 1652.5109241224316, "_timestamp": 1702940219.4050004, "val_loss": 1691.852888814519, "train_auc": 0.7591939084107686, "val_auc": 0.7446134216502598, "_runtime": 83453.45860433578, "_step": 93, "_wandb": {"runtime": 83946}}