{"train_loss": 5950.446292877197, "_timestamp": 1704374094.943578, "val_loss": 5839.955596923828, "train_auc": 0.723405741140472, "val_auc": 0.7151279500337286, "_runtime": 53294.114164114, "_step": 249, "_wandb": {"runtime": 53293}}