{"train_loss": 1720.15175579666, "_timestamp": 1704372986.4155607, "val_loss": 1704.2689728913483, "train_auc": 0.7235345013653613, "val_auc": 0.7151836387672931, "_runtime": 52006.71672677994, "_step": 249, "_wandb": {"runtime": 52006}}