{"train_loss": 141.97588252832074, "_timestamp": 1703552189.3912365, "val_loss": 144.59651343323463, "train_auc": 0.7469763824377001, "val_auc": 0.7355327125239957, "_runtime": 28127.01487851143, "_step": 28, "_wandb": {"runtime": 29031}}