{"train_loss": 1881.6557055664061, "_timestamp": 1696951348.273643, "val_loss": 1791.0623075045073, "auc": 0.7192084337573613, "f1": 0.7628472415262875, "recall": 0.8539540287113103, "precision": 0.6893064067785257, "_runtime": 558.8325691223145, "_step": 3}