{"train_loss": 3499.593351103569, "_timestamp": 1697203754.2994094, "val_loss": 3475.61219009088, "auc": 0.719946747214658, "f1": 0.5063557926628466, "recall": 0.42030451302517563, "precision": 0.6367137355584083, "_runtime": 72848.51655244827, "_step": 70}