{"train_loss": 1060.4881466059214, "_timestamp": 1702222513.9800844, "val_loss": 1077.844046020508, "train_auc": 0.8116004625135639, "val_auc": 0.8045645542491809, "_runtime": 78863.38180232048, "_step": 149, "_wandb": {"runtime": 78862}}