{"train_loss": 1603.9354239685895, "_timestamp": 1701715765.144253, "val_loss": 1715.562165335323, "train_auc": 0.7788251651986545, "val_auc": 0.7374965014679187, "_runtime": 252474.75809311867, "_step": 199, "_wandb": {"runtime": 252473}}