{"train_loss": 1059.1175594739136, "_timestamp": 1701564256.6671743, "val_loss": 1077.1677307128907, "train_auc": 0.8120433476560746, "val_auc": 0.8047855914345605, "_runtime": 106792.21132826805, "_step": 199, "_wandb": {"runtime": 106791}}