{"train_loss": 3513.8068844320997, "_timestamp": 1697264364.1862783, "val_loss": 3532.0402045355904, "auc": 0.7134329393963724, "f1": 0.48484997058246715, "recall": 0.3907653096505873, "precision": 0.6386077073343989, "_runtime": 38904.195942401886, "_step": 49, "_wandb": {"runtime": 38903}}