{"train_loss": 2827.7754660470146, "_timestamp": 1697132041.8006504, "val_loss": 2579.2283935546875, "auc": 0.7900332578333135, "f1": 0.8583795725441841, "recall": 0.917163011555458, "precision": 0.8066774497259976, "_runtime": 4272.590153455734, "_step": 19}