{"train_loss": 1187.9929696930324, "_timestamp": 1702324237.4098012, "val_loss": 1150.1979949951171, "train_auc": 0.7958234159077479, "val_auc": 0.7917731940450631, "_runtime": 1082.2545521259308, "_step": 1}