{"train_loss": 1188.6037595036714, "_timestamp": 1701460641.8412821, "val_loss": 1150.9181040445962, "train_auc": 0.7956403237922295, "val_auc": 0.7916917578725711, "_runtime": 1504.7011580467224, "_step": 1}