{"train_loss": 3681.886140083355, "_timestamp": 1697902916.774894, "val_loss": 3669.325404188368, "auc": 0.6753512776617325, "f1": 0.39853430598043504, "recall": 0.29278749740681836, "precision": 0.6238528247874042, "_runtime": 1800.7148509025574, "_step": 2}