{"train_loss": 3703.0679458034497, "_timestamp": 1697902345.014718, "val_loss": 3685.802799479167, "auc": 0.6702551653357995, "f1": 0.39097255608296155, "recall": 0.2852005887757219, "precision": 0.621448252109523, "_runtime": 1228.9546749591827, "_step": 1}