{"train_loss": 3535.7739141078596, "_timestamp": 1697931448.0161986, "val_loss": 3562.5227837456596, "auc": 0.7064420779802131, "f1": 0.4712598791259879, "recall": 0.3755223408774339, "precision": 0.6325168890811674, "_runtime": 30331.95615553856, "_step": 49, "_wandb": {"runtime": 30331}}