{"train_loss": 323.4766548010019, "_timestamp": 1703553012.1491888, "val_loss": 331.280165604719, "train_auc": 0.7426619171845474, "val_auc": 0.7197308432914359, "_runtime": 29302.18139576912, "_step": 132, "_wandb": {"runtime": 29428}}