{"train_loss": 3046.1853917573626, "_timestamp": 1704220722.9418864, "val_loss": 3290.303960272606, "train_auc": 0.7914165486772463, "val_auc": 0.7358052847504829, "_runtime": 335447.932523489, "_step": 249, "_wandb": {"runtime": 335447}}