{"train_loss": 3179.1372266267476, "_timestamp": 1703951559.3583982, "val_loss": 3230.684056058843, "train_auc": 0.7657179582528244, "val_auc": 0.746259525982529, "_runtime": 66284.34903526306, "_step": 50}