{"train_loss": 1648.6283758294092, "_timestamp": 1700932416.738623, "val_loss": 1687.2480976233321, "train_auc": 0.7612926722688591, "val_auc": 0.7468091935801788, "_runtime": 65446.97845983505, "_step": 74}