{"train_loss": 149.60940801059715, "_timestamp": 1699414774.6629512, "train_auc": 0.7189320144083136, "val_loss": 151.88754072643462, "val_auc": 0.7028229316768994, "_runtime": 34704.89137625694, "_step": 151, "_wandb": {"runtime": 34815}}