{"train_loss": 843.1934236006304, "_timestamp": 1701693854.9149368, "val_loss": 828.21589958377, "train_auc": 0.7034387364417155, "val_auc": 0.701525455792709, "_runtime": 59351.610580682755, "_step": 149, "_wandb": {"runtime": 59351}}