{"train_loss": 1726.938705999201, "_timestamp": 1696527586.5984883, "val_loss": 1717.6575552133413, "auc": 0.7133685449180106, "f1": 0.49971515982698594, "recall": 0.42027185292969443, "precision": 0.616193152253096, "_runtime": 86221.74547839165, "_step": 99, "_wandb": {"runtime": 86221}}