{"loss": 254.96719360351562, "_timestamp": 1696361845.794123, "_runtime": 257.07626485824585, "_step": 3, "auc": 0.6870663553741522}