{"train_loss": 3672.404363458807, "_timestamp": 1697136809.0118656, "val_loss": 3562.5723407451924, "auc": 0.6785464277811009, "f1": 0.40814142823912536, "recall": 0.31135323135890974, "precision": 0.5922500506312023, "_runtime": 216.12948369979858, "_step": 0}