{"train_loss": 1112.5749580383301, "_timestamp": 1696603228.9521585, "val_loss": 1114.6266757541232, "auc": 0.8415410833962054, "f1": 0.8558402934838745, "recall": 0.9115705614567526, "precision": 0.8065317356426006, "_runtime": 75323.83153152466, "_step": 99, "_wandb": {"runtime": 75323}}