{"train_loss": 1704.0768798828126, "_timestamp": 1701549373.3585272, "val_loss": 1723.3848780942767, "train_auc": 0.7353840292019859, "val_auc": 0.7291060339175932, "_runtime": 172586.37196421623, "_step": 199, "_wandb": {"runtime": 172585}}