{"train_loss": 323.4766548010019, "_timestamp": 1703553072.2706878, "val_loss": 331.280165604719, "train_auc": 0.7426619171845474, "val_auc": 0.7197308432914359, "_runtime": 29310.860563755035, "_step": 132, "_wandb": {"runtime": 29341}}