{"train_loss": 3154.613269364206, "_timestamp": 1702656960.5605848, "val_loss": 3225.3528650162066, "train_auc": 0.770238630515742, "val_auc": 0.7479165554212648, "_runtime": 161884.94452786446, "_step": 180}