{"train_loss": 883.1840209960938, "_timestamp": 1701457265.4269645, "val_loss": 1863.0297627766927, "train_auc": 0.9302226855209089, "val_auc": 0.635577278699078, "_runtime": 1162.2494385242462, "_step": 20}