{"train_loss": 1108.1877243041993, "_timestamp": 1702366303.3269486, "val_loss": 1110.6582580566405, "train_auc": 0.8318131618929624, "val_auc": 0.8423510032016129, "_runtime": 39324.54845571518, "_step": 149, "_wandb": {"runtime": 39323}}