{"train_loss": 1815.7074247266426, "_timestamp": 1701700036.64089, "val_loss": 1799.164053109976, "train_auc": 0.6841742513648946, "val_auc": 0.6810432790639056, "_runtime": 69057.22080898285, "_step": 149, "_wandb": {"runtime": 69056}}